{"features": ["Latitude", "Longitude", "Rainfall", "River_Level"], "classes": ["Earthquake", "Flood", "GLOF", "Landslide"], "scaler": {"mean": [36.01701795878312, 75.49221776251227, 91398.46104023552, 69456.2842983317], "scale": [0.5755617132948875, 0.868621222000485, 559819.5105563076, 435154.5835044514]}, "forest": [{"left": [1, 2, -1, -1, 5, -1, -1], "right": [4, 3, -1, -1, 6, -1, -1], "feature": [3, 3, -2, -2, 2, -2, -2], "threshold": [-0.15927807986736298, -0.15958979725837708, -2.0, -2.0, 0.6133679300546646, -2.0, -2.0], "value": [[0.05789990186457311, 0.38959764474975467, 0.02551521099116781, 0.5269872423945045], [0.09899328859060402, 0.0, 0.0, 0.9010067114093959], [1.0, 0.0, 0.0, 0.0], [0.0, 0.0, 0.0, 1.0], [0.0, 0.9385342789598109, 0.061465721040189124, 0.0], [0.0, 1.0, 0.0, 0.0], [0.0, 0.0, 1.0, 0.0]]}, {"left": [1, 2, -1, 4, 5, 6, -1, -1, 9, -1, -1, 12, -1, -1, 15, -1, -1], "right": [14, 3, -1, 11, 8, 7, -1, -1, 10, -1, -1, 13, -1, -1, 16, -1, -1], "feature": [2, 0, -2, 1, 1, 3, -2, -2, 3, -2, -2, 3, -2, -2, 2, -2, -2], "threshold": [-0.16321780532598495, -1.0194701552391052, -2.0, -1.4160577058792114, -1.5243327021598816, -0.15958739072084427, -2.0, -2.0, -0.15958347916603088, -2.0, -2.0, -0.15958979725837708, -2.0, -2.0, 0.6133680194616318, -2.0, -2.0], "value": [[0.05299313052011776, 0.3562315996074583, 0.03140333660451423, 0.5593719332679097], [0.08653846153846154, 0.0, 0.0, 0.9134615384615384], [0.0, 0.0, 0.0, 1.0], [0.10588235294117647, 0.0, 0.0, 0.8941176470588236], [0.3055555555555556, 0.0, 0.0, 0.6944444444444444], [0.14285714285714285, 0.0, 0.0, 0.8571428571428571], [1.0, 0.0, 0.0, 0.0], [0.0, 0.0, 0.0, 1.0], [0.5333333333333333, 0.0, 0.0, 0.4666666666666667], [1.0, 0.0, 0.0, 0.0], [0.0, 0.0, 0.0, 1.0], [0.09071729957805907, 0.0, 0.0, 0.9092827004219409], [1.0, 0.0, 0.0, 0.0], [0.0, 0.0, 0.0, 1.0], [0.0, 0.9189873417721519, 0.0810126582278481, 0.0], [0.0, 1.0, 0.0, 0.0], [0.0, 0.0, 1.0, 0.0]]}, {"left": [1, 2, -1, -1, 5, -1, -1], "right": [4, 3, -1, -1, 6, -1, -1], "feature": [2, 3, -2, -2, 3, -2, -2], "threshold": [-0.16321789473295212, -0.15958968549966812, -2.0, -2.0, 0.05908627808094025, -2.0, -2.0], "value": [[0.04416094210009813, 0.3778213935230618, 0.03434739941118744, 0.5436702649656526], [0.07512520868113523, 0.0, 0.0, 0.9248747913188647], [1.0, 0.0, 0.0, 0.0], [0.0, 0.0, 0.0, 1.0], [0.0, 0.9166666666666666, 0.08333333333333333, 0.0], [0.0, 1.0, 0.0, 0.0], [0.0, 0.0, 1.0, 0.0]]}, {"left": [1, 2, 3, 4, -1, -1, 7, -1, -1, 10, -1, -1, 13, -1, -1], "right": [12, 9, 6, 5, -1, -1, 8, -1, -1, 11, -1, -1, 14, -1, -1], "feature": [2, 1, 1, 0, -2, -2, 3, -2, -2, 3, -2, -2, 2, -2, -2], "threshold": [-0.16321789473295212, -1.6525244116783142, -1.6812480688095093, -0.6108258292078972, -2.0, -2.0, -0.1595553308725357, -2.0, -2.0, -0.15958979725837708, -2.0, -2.0, 0.15536487102508545, -2.0, -2.0], "value": [[0.03925417075564279, 0.33758586849852795, 0.02747791952894995, 0.5956820412168793], [0.061823802163833076, 0.0, 0.0, 0.9381761978361669], [0.5714285714285714, 0.0, 0.0, 0.42857142857142855], [0.375, 0.0, 0.0, 0.625], [0.0, 0.0, 0.0, 1.0], [1.0, 0.0, 0.0, 0.0], [0.8333333333333334, 0.0, 0.0, 0.16666666666666666], [1.0, 0.0, 0.0, 0.0], [0.0, 0.0, 0.0, 1.0], [0.05055292259083728, 0.0, 0.0, 0.9494470774091627], [1.0, 0.0, 0.0, 0.0], [0.0, 0.0, 0.0, 1.0], [0.0, 0.9247311827956989, 0.07526881720430108, 0.0], [0.0, 1.0, 0.0, 0.0], [0.0, 0.0, 1.0, 0.0]]}, {"left": [1, 2, -1, -1, 5, -1, -1], "right": [4, 3, -1, -1, 6, -1, -1], "feature": [3, 3, -2, -2, 3, -2, -2], "threshold": [-0.15927807986736298, -0.15958991646766663, -2.0, -2.0, 0.059075936675071716, -2.0, -2.0], "value": [[0.04906771344455348, 0.35034347399411186, 0.03140333660451423, 0.5691854759568205], [0.07936507936507936, 0.0, 0.0, 0.9206349206349206], [1.0, 0.0, 0.0, 0.0], [0.0, 0.0, 0.0, 1.0], [0.0, 0.9177377892030848, 0.08226221079691516, 0.0], [0.0, 1.0, 0.0, 0.0], [0.0, 0.0, 1.0, 0.0]]}, {"left": [1, 2, 3, 4, -1, -1, 7, -1, -1, -1, 11, -1, -1], "right": [10, 9, 6, 5, -1, -1, 8, -1, -1, -1, 12, -1, -1], "feature": [3, 0, 1, 3, -2, -2, 3, -2, -2, -2, 3, -2, -2], "threshold": [-0.15927807986736298, 1.6762442588806152, -1.649703860282898, -0.15957095474004745, -2.0, -2.0, -0.15958991646766663, -2.0, -2.0, -2.0, 0.059090644121170044, -2.0, -2.0], "value": [[0.04612365063788027, 0.34543670264965654, 0.03729146221786065, 0.5711481844946026], [0.07472178060413355, 0.0, 0.0, 0.9252782193958664], [0.07177033492822966, 0.0, 0.0, 0.9282296650717703], [0.4166666666666667, 0.0, 0.0, 0.5833333333333334], [1.0, 0.0, 0.0, 0.0], [0.0, 0.0, 0.0, 1.0], [0.06504065040650407, 0.0, 0.0, 0.9349593495934959], [1.0, 0.0, 0.0, 0.0], [0.0, 0.0, 0.0, 1.0], [1.0, 0.0, 0.0, 0.0], [0.0, 0.9025641025641026, 0.09743589743589744, 0.0], [0.0, 1.0, 0.0, 0.0], [0.0, 0.0, 1.0, 0.0]]}, {"left": [1, 2, 3, -1, -1, 6, -1, -1, 9, 10, -1, -1, 13, -1, -1], "right": [8, 5, 4, -1, -1, 7, -1, -1, 12, 11, -1, -1, 14, -1, -1], "feature": [0, 2, 3, -2, -2, 2, -2, -2, 3, 3, -2, -2, 3, -2, -2], "threshold": [-0.08325424790382385, -0.1632191389799118, -0.15958968549966812, -2.0, -2.0, 0.5914370566606522, -2.0, -2.0, -0.15925922989845276, -0.15958991646766663, -2.0, -2.0, 0.059075936675071716, -2.0, -2.0], "value": [[0.04317958783120707, 0.3758586849852797, 0.02551521099116781, 0.5554465161923454], [0.031185031185031187, 0.45114345114345117, 0.02286902286902287, 0.49480249480249483], [0.05928853754940711, 0.0, 0.0, 0.9407114624505929], [1.0, 0.0, 0.0, 0.0], [0.0, 0.0, 0.0, 1.0], [0.0, 0.9517543859649122, 0.04824561403508772, 0.0], [0.0, 1.0, 0.0, 0.0], [0.0, 0.0, 1.0, 0.0], [0.05390334572490706, 0.30855018587360594, 0.027881040892193308, 0.6096654275092936], [0.08123249299719888, 0.0, 0.0, 0.9187675070028011], [1.0, 0.0, 0.0, 0.0], [0.0, 0.0, 0.0, 1.0], [0.0, 0.9171270718232044, 0.08287292817679558, 0.0], [0.0, 1.0, 0.0, 0.0], [0.0, 0.0, 1.0, 0.0]]}, {"left": [1, 2, 3, 4, -1, 6, -1, -1, -1, -1, 11, 12, 13, 14, 15, -1, 17, -1, -1, 20, 21, -1, -1, 24, -1, -1, 27, -1, -1, 30, 31, -1, -1, 34, 35, 36, -1, -1, 39, -1, -1, 42, -1, -1, 45, -1, -1], "right": [10, 9, 8, 5, -1, 7, -1, -1, -1, -1, 44, 29, 26, 19, 16, -1, 18, -1, -1, 23, 22, -1, -1, 25, -1, -1, 28, -1, -1, 33, 32, -1, -1, 41, 38, 37, -1, -1, 40, -1, -1, 43, -1, -1, 46, -1, -1], "feature": [1, 3, 1, 1, -2, 0, -2, -2, -2, -2, 2, 1, 0, 1, 0, -2, 3, -2, -2, 0, 1, -2, -2, 0, -2, -2, 0, -2, -2, 1, 3, -2, -2, 1, 0, 3, -2, -2, 3, -2, -2, 3, -2, -2, 3, -2, -2], "threshold": [-1.6331258416175842, -0.15924786031246185, -1.6760098934173584, -1.7028340101242065, -2.0, 0.2679678648710251, -2.0, -2.0, -2.0, -2.0, -0.1632191389799118, 0.4057375341653824, 1.6564375758171082, -1.4279155731201172, -0.3476915657520294, -2.0, -0.15958773344755173, -2.0, -2.0, -1.5561631917953491, -0.7387774288654327, -2.0, -2.0, 0.8245545625686646, -2.0, -2.0, 1.658609390258789, -2.0, -2.0, 0.4347490221261978, -0.15957313776016235, -2.0, -2.0, 0.9971345663070679, 1.2563936114311218, -0.15958968549966812, -2.0, -2.0, -0.15957773476839066, -2.0, -2.0, -0.15958979725837708, -2.0, -2.0, 0.2252698689699173, -2.0, -2.0],